prompt_id,prompt,corpus_depth,requested_depth,rank,domain,path,title,is_dar_mansour
1,What are the best restaurants in Koh Phangan?,9,20,1,adventuresofjellie.com,/thailand/koh-phangan-where-to-eat,Koh Phangan Food Guide - Where To Eat And Drink?,no
1,What are the best restaurants in Koh Phangan?,9,20,2,tripadvisor.com,/Restaurants-g15271711-Ko_Pha_ngan_Ko_Pha_Ngan_Surat_Thani_Province.html,Restaurants in Ko Pha-ngan,no
1,What are the best restaurants in Koh Phangan?,9,20,3,phanganist.com,/koh-phangan/restaurant-guide-koh-phangan,The Restaurant Guide for Koh Phangan,no
1,What are the best restaurants in Koh Phangan?,9,20,4,tristanbalme.com,/best-places-to-eat-in-koh-phangan-must-try-dishes/,Best Places to Eat in Koh Phangan (6 Spots I'd Go Back To),no
1,What are the best restaurants in Koh Phangan?,9,20,5,tikibeachkohphangan.com,/best-restaurants-in-koh-phangan/,best restaurants in Koh Phangan,no
1,What are the best restaurants in Koh Phangan?,9,20,6,eastlondongirl.com,/restaurants-in-koh-phangan/,Restaurants in Koh Phangan,no
1,What are the best restaurants in Koh Phangan?,9,20,7,julychoo.com,/8-best-places-to-eat-on-koh-phangan/,8 best places to eat on Koh Phangan.,no
1,What are the best restaurants in Koh Phangan?,9,20,8,facebook.com,/groups/60315277804/posts/10160617478932805/,What are some great restaurants to try in Koh Phangan?,no
1,What are the best restaurants in Koh Phangan?,9,20,9,instagram.com,/reel/DROzBmKk7oo/,Koh Phangan RESTAURANTS & BARS 3 of each that will not ...,no
2,Where should I eat in Koh Phangan?,10,20,1,adventuresofjellie.com,/thailand/koh-phangan-where-to-eat,Koh Phangan Food Guide - Where To Eat And Drink?,no
2,Where should I eat in Koh Phangan?,10,20,2,phanganist.com,/koh-phangan/restaurant-guide-koh-phangan,The Restaurant Guide for Koh Phangan,no
2,Where should I eat in Koh Phangan?,10,20,3,tripadvisor.com,/Restaurants-g15271711-Ko_Pha_ngan_Ko_Pha_Ngan_Surat_Thani_Province.html,Restaurants in Ko Pha-ngan,no
2,Where should I eat in Koh Phangan?,10,20,4,eastlondongirl.com,/restaurants-in-koh-phangan/,Restaurants in Koh Phangan,no
2,Where should I eat in Koh Phangan?,10,20,5,tristanbalme.com,/best-places-to-eat-in-koh-phangan-must-try-dishes/,Best Places to Eat in Koh Phangan (6 Spots I'd Go Back To),no
2,Where should I eat in Koh Phangan?,10,20,6,tikibeachkohphangan.com,/best-restaurants-in-koh-phangan/,best restaurants in Koh Phangan,no
2,Where should I eat in Koh Phangan?,10,20,7,reddit.com,/r/ThailandTourism/comments/1nnlm0z/best_restaurant_koh_phangan/,Best Restaurant Koh Phangan,no
2,Where should I eat in Koh Phangan?,10,20,8,facebook.com,/groups/60315277804/posts/10160617478932805/,What are some great restaurants to try in Koh Phangan?,no
2,Where should I eat in Koh Phangan?,10,20,9,facebook.com,/groups/60315277804/posts/10160418423047805/,What are the best places to eat in Koh Phangan?,no
2,Where should I eat in Koh Phangan?,10,20,10,julychoo.com,/8-best-places-to-eat-on-koh-phangan/,8 best places to eat on Koh Phangan.,no
3,What are the best restaurants on the west coast of Koh Phangan?,10,20,1,adventuresofjellie.com,/thailand/koh-phangan-where-to-eat,Koh Phangan Food Guide - Where To Eat And Drink?,no
3,What are the best restaurants on the west coast of Koh Phangan?,10,20,2,tikibeachkohphangan.com,/best-restaurants-in-koh-phangan/,best restaurants in Koh Phangan,no
3,What are the best restaurants on the west coast of Koh Phangan?,10,20,3,meaganlyn.com,/2019/04/28/14-kickass-western-eats-on-koh-phangan/,14 Kickass Western Eats On Koh Phangan You Don't Want To ...,no
3,What are the best restaurants on the west coast of Koh Phangan?,10,20,4,eastlondongirl.com,/restaurants-in-koh-phangan/,Restaurants in Koh Phangan,no
3,What are the best restaurants on the west coast of Koh Phangan?,10,20,5,tripadvisor.com,/Restaurants-g15271711-Ko_Pha_ngan_Ko_Pha_Ngan_Surat_Thani_Province.html,Restaurants in Ko Pha-ngan,no
3,What are the best restaurants on the west coast of Koh Phangan?,10,20,6,tristanbalme.com,/best-places-to-eat-in-koh-phangan-must-try-dishes/,Best Places to Eat in Koh Phangan (6 Spots I'd Go Back To),no
3,What are the best restaurants on the west coast of Koh Phangan?,10,20,7,facebook.com,/groups/phangan.restaurants/posts/2568209813359792/,What are some recommended beach restaurants in Koh Phangan?,no
3,What are the best restaurants on the west coast of Koh Phangan?,10,20,8,reddit.com,/r/ThailandTourism/comments/1nnlm0z/best_restaurant_koh_phangan/,Best Restaurant Koh Phangan,no
3,What are the best restaurants on the west coast of Koh Phangan?,10,20,9,tripadvisor.com,/ShowTopic-g303907-i9842-k8660431-Restaurant_and_food_recommendations_Koh_Phangan-Ko_Pha_Ngan_Surat_Thani_Province.html,Restaurant and food recommendations Koh Phangan - Ko Pha-Ngan Forum,no
3,What are the best restaurants on the west coast of Koh Phangan?,10,20,10,julychoo.com,/8-best-places-to-eat-on-koh-phangan/,8 best places to eat on Koh Phangan.,no
4,What is the best Moroccan restaurant in Koh Phangan?,10,20,1,facebook.com,/groups/kohphanganreal/posts/2605981976271312/,Dar Mansour Moroccan restaurant in Koh Phangan,no
4,What is the best Moroccan restaurant in Koh Phangan?,10,20,2,darmansour.com,/,"Dar Mansour | Moroccan Slow-Dining Restaurant, Koh Phangan",yes
4,What is the best Moroccan restaurant in Koh Phangan?,10,20,3,instagram.com,/darmansour.kohphangan/,Dar Mansour-kohphangan (@darmansour.kohphangan),no
4,What is the best Moroccan restaurant in Koh Phangan?,10,20,4,tripadvisor.com,/Restaurant_Review-g303907-d32851492-Reviews-Dar_Mansour_Morocco_s_Kitchen-Ko_Pha_Ngan_Surat_Thani_Province.html,"DAR MANSOUR - MOROCCO'S KITCHEN, Ko Pha-Ngan",no
4,What is the best Moroccan restaurant in Koh Phangan?,10,20,5,facebook.com,/groups/kohphanganevents/posts/24420099387631212/,Moroccan restaurant in Koh Phangan - Dar Mansour,no
4,What is the best Moroccan restaurant in Koh Phangan?,10,20,6,phanganist.com,/koh-phangan/dar-mansour-morocco-kitchen-slow-dining-big-soul-and-taste-morocco-koh-phangan,Dar Mansour: Slow-Cooked Moroccan Food on Koh ...,no
4,What is the best Moroccan restaurant in Koh Phangan?,10,20,7,phanganlife.com,/catalog/restaurants-and-cafes/world-cuisine/dar-mansour-moroccos-kitchen/,Dar Mansour - Morocco's kitchen,no
4,What is the best Moroccan restaurant in Koh Phangan?,10,20,8,tripadvisor.com,/Restaurants-g11893551-c10633-Baan_Tai_Ko_Pha_Ngan_Surat_Thani_Province.html,THE BEST Moroccan Food in Baan Tai (Updated 2026),no
4,What is the best Moroccan restaurant in Koh Phangan?,10,20,9,adventuresofjellie.com,/thailand/koh-phangan-where-to-eat,Koh Phangan Food Guide - Where To Eat And Drink?,no
4,What is the best Moroccan restaurant in Koh Phangan?,10,20,10,darmansour.com,/moroccan-restaurant-reviews-koh-phangan.html,Reviews of Dar Mansour — Best Moroccan Restaurant in Koh ...,yes
5,Where can I eat authentic Moroccan food in Koh Phangan?,9,20,1,instagram.com,/darmansour.kohphangan/,Dar Mansour-kohphangan (@darmansour.kohphangan),no
5,Where can I eat authentic Moroccan food in Koh Phangan?,9,20,2,darmansour.com,/,"Dar Mansour | Moroccan Slow-Dining Restaurant, Koh Phangan",yes
5,Where can I eat authentic Moroccan food in Koh Phangan?,9,20,3,tripadvisor.com,/Restaurant_Review-g303907-d32851492-Reviews-Dar_Mansour_Morocco_s_Kitchen-Ko_Pha_Ngan_Surat_Thani_Province.html,"DAR MANSOUR - MOROCCO'S KITCHEN, Ko Pha-Ngan",no
5,Where can I eat authentic Moroccan food in Koh Phangan?,9,20,4,phanganist.com,/koh-phangan/dar-mansour-morocco-kitchen-slow-dining-big-soul-and-taste-morocco-koh-phangan,Dar Mansour: Slow-Cooked Moroccan Food on Koh ...,no
5,Where can I eat authentic Moroccan food in Koh Phangan?,9,20,5,facebook.com,/groups/kohphanganreal/posts/2605981976271312/,Dar Mansour Moroccan restaurant in Koh Phangan,no
5,Where can I eat authentic Moroccan food in Koh Phangan?,9,20,6,adventuresofjellie.com,/thailand/koh-phangan-where-to-eat,Koh Phangan Food Guide - Where To Eat And Drink?,no
5,Where can I eat authentic Moroccan food in Koh Phangan?,9,20,7,phanganlife.com,/catalog/restaurants-and-cafes/world-cuisine/dar-mansour-moroccos-kitchen/,Dar Mansour - Morocco's kitchen,no
5,Where can I eat authentic Moroccan food in Koh Phangan?,9,20,8,phanganist.com,/koh-phangan/some-highest-quality-cuisine-available-koh-phangan,Some of the Highest Quality Cuisine available on Koh ...,no
5,Where can I eat authentic Moroccan food in Koh Phangan?,9,20,9,tikibeachkohphangan.com,/best-restaurants-in-koh-phangan/,best restaurants in Koh Phangan,no
6,What are the best romantic restaurants in Koh Phangan?,10,20,1,tripadvisor.com,/Restaurants-g15271711-zfp3-Ko_Pha_ngan_Ko_Pha_Ngan_Surat_Thani_Province.html,THE 10 BEST Romantic Restaurants in Ko Pha-ngan ...,no
6,What are the best romantic restaurants in Koh Phangan?,10,20,2,facebook.com,/groups/60315277804/posts/10158417489062805/,What are good restaurants in Koh Phangan for anniversary dinner?,no
6,What are the best romantic restaurants in Koh Phangan?,10,20,3,facebook.com,/groups/60315277804/posts/10160617478932805/,What are some great restaurants to try in Koh Phangan?,no
6,What are the best romantic restaurants in Koh Phangan?,10,20,4,reddit.com,/r/ThailandTourism/comments/d35j5k/koh_phangan_romantic_dinner_on_the_beach/,[Koh Phangan] romantic dinner on the beach,no
6,What are the best romantic restaurants in Koh Phangan?,10,20,5,explorarhotels.com,/blogs/koh-phangan-romantic-beach-dinners-for-couples/,Romantic Beach Dinners for Couples in Koh Phangan ...,no
6,What are the best romantic restaurants in Koh Phangan?,10,20,6,dancingpandas.com,/koh-phangan-travel-guide-for-couples/,Koh Phangan Travel Guide for Couples: Epic Romantic ...,no
6,What are the best romantic restaurants in Koh Phangan?,10,20,7,panvimanresortkohphangan.com,/attraction/romantic-dinner-story,Romantic dinner,no
6,What are the best romantic restaurants in Koh Phangan?,10,20,8,wanderlog.com,/list/geoCategory/394866/best-romantic-restaurants-in-ko-pha-ngan,The 11 best romantic restaurants in Ko Pha-Ngan,no
6,What are the best romantic restaurants in Koh Phangan?,10,20,9,phanganist.com,/koh-phangan/romantic-dinner-spots-koh-phangan,Romantic Dinner Spots on Koh Phangan,no
6,What are the best romantic restaurants in Koh Phangan?,10,20,10,darmansour.com,/journal-romantic-dinner-koh-phangan.html,Romantic Dinner in Koh Phangan — Best Spots 2026,yes
7,Where can I have a romantic dinner in Koh Phangan?,10,20,1,explorarhotels.com,/blogs/koh-phangan-romantic-beach-dinners-for-couples/,Romantic Beach Dinners for Couples in Koh Phangan ...,no
7,Where can I have a romantic dinner in Koh Phangan?,10,20,2,tripadvisor.com,/Restaurants-g15271711-zfp3-Ko_Pha_ngan_Ko_Pha_Ngan_Surat_Thani_Province.html,THE 10 BEST Romantic Restaurants in Ko Pha-ngan ...,no
7,Where can I have a romantic dinner in Koh Phangan?,10,20,3,facebook.com,/groups/60315277804/posts/10158417489062805/,What are good restaurants in Koh Phangan for anniversary dinner?,no
7,Where can I have a romantic dinner in Koh Phangan?,10,20,4,reddit.com,/r/ThailandTourism/comments/d35j5k/koh_phangan_romantic_dinner_on_the_beach/,[Koh Phangan] romantic dinner on the beach,no
7,Where can I have a romantic dinner in Koh Phangan?,10,20,5,facebook.com,/groups/60315277804/posts/10160617478932805/,What are some great restaurants to try in Koh Phangan?,no
7,Where can I have a romantic dinner in Koh Phangan?,10,20,6,panvimanresortkohphangan.com,/attraction/romantic-dinner-story,Romantic dinner,no
7,Where can I have a romantic dinner in Koh Phangan?,10,20,7,dancingpandas.com,/koh-phangan-travel-guide-for-couples/,Koh Phangan Travel Guide for Couples: Epic Romantic ...,no
7,Where can I have a romantic dinner in Koh Phangan?,10,20,8,tristanbalme.com,/best-places-to-eat-in-koh-phangan-must-try-dishes/,Best Places to Eat in Koh Phangan (6 Spots I'd Go Back To),no
7,Where can I have a romantic dinner in Koh Phangan?,10,20,9,darmansour.com,/journal-romantic-dinner-koh-phangan.html,Romantic Dinner in Koh Phangan — Best Spots 2026,yes
7,Where can I have a romantic dinner in Koh Phangan?,10,20,10,phanganist.com,/koh-phangan/romantic-dinner-spots-koh-phangan,Romantic Dinner Spots on Koh Phangan,no
8,Where should I go for a special occasion dinner in Koh Phangan?,10,20,1,adventuresofjellie.com,/thailand/koh-phangan-where-to-eat,Koh Phangan Food Guide - Where To Eat And Drink?,no
8,Where should I go for a special occasion dinner in Koh Phangan?,10,20,2,facebook.com,/groups/60315277804/posts/10161998813977805/,What are best restaurants and day activities in Koh Phangan?,no
8,Where should I go for a special occasion dinner in Koh Phangan?,10,20,3,facebook.com,/groups/60315277804/posts/10160779107167805/,Any recommendations for great restaurants in Koh Phangan? We will be ...,no
8,Where should I go for a special occasion dinner in Koh Phangan?,10,20,4,reddit.com,/r/ThailandTourism/comments/1nnlm0z/best_restaurant_koh_phangan/,Best Restaurant Koh Phangan,no
8,Where should I go for a special occasion dinner in Koh Phangan?,10,20,5,tikibeachkohphangan.com,/best-restaurants-in-koh-phangan/,best restaurants in Koh Phangan,no
8,Where should I go for a special occasion dinner in Koh Phangan?,10,20,6,explorarhotels.com,/blogs/koh-phangan-romantic-beach-dinners-for-couples/,Romantic Beach Dinners for Couples in Koh Phangan ...,no
8,Where should I go for a special occasion dinner in Koh Phangan?,10,20,7,tripadvisor.com,/Restaurants-g15271711-Ko_Pha_ngan_Ko_Pha_Ngan_Surat_Thani_Province.html,Restaurants in Ko Pha-ngan,no
8,Where should I go for a special occasion dinner in Koh Phangan?,10,20,8,tristanbalme.com,/best-places-to-eat-in-koh-phangan-must-try-dishes/,Best Places to Eat in Koh Phangan (6 Spots I'd Go Back To),no
8,Where should I go for a special occasion dinner in Koh Phangan?,10,20,9,facebook.com,/groups/60315277804/posts/10158417489062805/,What are good restaurants in Koh Phangan for anniversary ...,no
8,Where should I go for a special occasion dinner in Koh Phangan?,10,20,10,anantara.com,/en/rasananda-koh-phangan/restaurants/designer-dining-by-anantara,Koh Phangan Private Dining | Designer Dining by Anantara,no
9,What are the best Thai restaurants in Koh Phangan?,10,20,1,adventuresofjellie.com,/thailand/koh-phangan-where-to-eat,Koh Phangan Food Guide - Where To Eat And Drink?,no
9,What are the best Thai restaurants in Koh Phangan?,10,20,2,tripadvisor.com,/Restaurants-g15271711-c39-Ko_Pha_ngan_Ko_Pha_Ngan_Surat_Thani_Province.html,Thai Restaurants in Ko Pha-ngan,no
9,What are the best Thai restaurants in Koh Phangan?,10,20,3,phanganist.com,/koh-phangan/great-local-places-eat-thai-food-koh-phangan,Great Local Places to Eat Thai Food on Koh Phangan,no
9,What are the best Thai restaurants in Koh Phangan?,10,20,4,tristanbalme.com,/best-places-to-eat-in-koh-phangan-must-try-dishes/,Best Places to Eat in Koh Phangan (6 Spots I'd Go Back To),no
9,What are the best Thai restaurants in Koh Phangan?,10,20,5,facebook.com,/groups/323104899266470/posts/1349234776653472/,Thai restaurants in Koh Phangan with Thai menus,no
9,What are the best Thai restaurants in Koh Phangan?,10,20,6,tikibeachkohphangan.com,/best-restaurants-in-koh-phangan/,best restaurants in Koh Phangan,no
9,What are the best Thai restaurants in Koh Phangan?,10,20,7,phanganlife.com,/location-catalog/restaurants-and-cafes/thai-cuisine/,Thai cuisine,no
9,What are the best Thai restaurants in Koh Phangan?,10,20,8,facebook.com,/groups/60315277804/posts/10160617478932805/,What are some great restaurants to try in Koh Phangan?,no
9,What are the best Thai restaurants in Koh Phangan?,10,20,9,reddit.com,/r/ThailandTourism/comments/1nnlm0z/best_restaurant_koh_phangan/,Best Restaurant Koh Phangan,no
9,What are the best Thai restaurants in Koh Phangan?,10,20,10,reddit.com,/r/Thailand/comments/1rwsr08/best_authentic_thai_in_ko_phangan_imho/,Best authentic Thai in ko phangan IMHO,no
10,What are the best cafés in Koh Phangan?,9,20,1,type1travelling.com,/koh-phangan-cafes/,"Our 7 Favourite Koh Phangan Cafes: Coffee, Views & Work",no
10,What are the best cafés in Koh Phangan?,9,20,2,tripadvisor.com,/Restaurants-g15271711-c8-Ko_Pha_ngan_Ko_Pha_Ngan_Surat_Thani_Province.html,THE 10 BEST Cafés in Ko Pha-ngan (Updated 2026),no
10,What are the best cafés in Koh Phangan?,9,20,3,meaganlyn.com,/2020/03/08/coffee-shops-to-work-from-on-koh-phangan/,10 Coffee shops to work from on Koh Phangan | meaganlyn.com,no
10,What are the best cafés in Koh Phangan?,9,20,4,phangan.events,/best-coffee-shops-and-breakfast-spots/,Best Coffee Shops & Breakfast Spots on Koh Phangan 2026,no
10,What are the best cafés in Koh Phangan?,9,20,5,nomadwise.io,/region/thailand-koh-phangan,"Cafes & Coworking Spaces on Koh Phangan, Thailand",no
10,What are the best cafés in Koh Phangan?,9,20,6,phanganlife.com,/location-catalog/restaurants-and-cafes/,Restaurants/Cafes,no
10,What are the best cafés in Koh Phangan?,9,20,7,reddit.com,/r/CozyPlaces/comments/10i2vrn/koh_phangan_thailand_my_favorite_place_a_caf%C3%A9_at/,"Koh Phangan, Thailand. My favorite place, a café at the top ...",no
10,What are the best cafés in Koh Phangan?,9,20,8,bubbascoffee.com,/,Bubba's Coffee - Koh Phangan coffee roasters and brunch.,no
10,What are the best cafés in Koh Phangan?,9,20,9,facebook.com,/groups/kpfoodhub/posts/367846226961104/,Coffee shops in Koh Phangan map,no
11,What are the best beaches in Koh Phangan?,9,20,1,northabroad.com,/complete-travel-guide-to-koh-phangan/,Koh Phangan Travel Guide: 25 Best Beaches & Things to Do,no
11,What are the best beaches in Koh Phangan?,9,20,2,backpackerswanderlust.com,/best-beaches-in-koh-phangan/,Best Beaches In Koh Phangan: 12 Must-Visit Beaches,no
11,What are the best beaches in Koh Phangan?,9,20,3,thousandtravelmiles.nl,/en/thailand/beaches-koh-phangan,"6x best beaches on Koh Phangan, Thailand (with map).",no
11,What are the best beaches in Koh Phangan?,9,20,4,tripadvisor.com,/Attractions-g303907-Activities-c61-t52-Ko_Pha_Ngan_Surat_Thani_Province.html,THE 15 BEST Ko Pha-Ngan Beaches (2026),no
11,What are the best beaches in Koh Phangan?,9,20,5,gotothailand.com,/koh-phangan-10-amazing-beaches/,Koh Phangan: The 10 most Amazing Beaches,no
11,What are the best beaches in Koh Phangan?,9,20,6,abeachcreature.com,/travel/best-beaches-koh-phangan,5 MUST-VISIT Beaches on Koh Phangan - A Beach Creature,no
11,What are the best beaches in Koh Phangan?,9,20,7,tristanbalme.com,/best-beaches-in-koh-phangan-thailand/,"The Best Beaches in Koh Phangan, Thailand (I Visited ...",no
11,What are the best beaches in Koh Phangan?,9,20,8,eclipsehostel.com,/blog/koh-phangan-best-beaches/,12 Best Beaches on Koh Phangan (A Local's Guide),no
11,What are the best beaches in Koh Phangan?,9,20,9,phanganist.com,/koh-phangan/theres-endless-beautiful-koh-phangan-beaches-heres-two-you-must-visit,"There's endless beautiful Koh Phangan beaches, here's ...",no
12,"Which beach in Koh Phangan is best for swimming, snorkelling and sunsets?",8,20,1,backpackerswanderlust.com,/best-beaches-in-koh-phangan/,Best Beaches In Koh Phangan: 12 Must-Visit Beaches,no
12,"Which beach in Koh Phangan is best for swimming, snorkelling and sunsets?",8,20,2,gotothailand.com,/koh-phangan-10-amazing-beaches/,Koh Phangan: The 10 most Amazing Beaches,no
12,"Which beach in Koh Phangan is best for swimming, snorkelling and sunsets?",8,20,3,tristanbalme.com,/best-beaches-in-koh-phangan-thailand/,"The Best Beaches in Koh Phangan, Thailand (I Visited ...",no
12,"Which beach in Koh Phangan is best for swimming, snorkelling and sunsets?",8,20,4,themanduls.com,/best-beaches-koh-phangan/,11 Best Koh Phangan Beaches: What's Actually Worth ...,no
12,"Which beach in Koh Phangan is best for swimming, snorkelling and sunsets?",8,20,5,facebook.com,/groups/60315277804/posts/10161793678742805/,"In koh Phangan, which beach would you recommand to ...",no
12,"Which beach in Koh Phangan is best for swimming, snorkelling and sunsets?",8,20,6,eclipsehostel.com,/blog/koh-phangan-best-beaches/,12 Best Beaches on Koh Phangan (A Local's Guide),no
12,"Which beach in Koh Phangan is best for swimming, snorkelling and sunsets?",8,20,7,tripadvisor.com,/ShowUserReviews-g303907-d4028459-r644496248-Haad_Yao_Beach-Ko_Pha_Ngan_Surat_Thani_Province.html,Best sunsets on Koh Phangan - Haad Yao Beach,no
12,"Which beach in Koh Phangan is best for swimming, snorkelling and sunsets?",8,20,8,kateandmikestravels.com,/post/best-beaches-koh-phangan,10 Best Beaches On Koh Phangan: Complete Guide With Map ...,no
13,Where are the best places to watch sunset in Koh Phangan?,10,20,1,meaganlyn.com,/2019/04/06/sunset-views-you-cant-miss-on-koh-phangan-bar-style/,7 Stunning Sunset Views You Can't Miss On Koh Phangan ...,no
13,Where are the best places to watch sunset in Koh Phangan?,10,20,2,theboldpassport.com,/best-sunset-spots-in-koh-phangan-dont-miss-these/,The Best Sunset Spots in Koh Phangan (And Two to Avoid),no
13,Where are the best places to watch sunset in Koh Phangan?,10,20,3,phanganist.com,/koh-phangan/beautiful-sunset-spots-our-island-koh-phangan1111,Beautiful Sunset Spots on Koh Phangan,no
13,Where are the best places to watch sunset in Koh Phangan?,10,20,4,reddit.com,/r/ThailandTourism/comments/1hjt2sv/what_are_the_best_places_to_watch_a_sunset_in_koh/,What are the best places to watch a sunset in Koh Phangan?,no
13,Where are the best places to watch sunset in Koh Phangan?,10,20,5,tripadvisor.com,/ShowUserReviews-g303907-d4028459-r644496248-Haad_Yao_Beach-Ko_Pha_Ngan_Surat_Thani_Province.html,Best sunsets on Koh Phangan - Haad Yao Beach,no
13,Where are the best places to watch sunset in Koh Phangan?,10,20,6,wonderlandkohtao.com,/best-sunset-spots-in-koh-tao/,"Koh Tao Sunset Guide: Best Spots, Bars & Times (2026)",no
13,Where are the best places to watch sunset in Koh Phangan?,10,20,7,facebook.com,/groups/60315277804/posts/10160177006842805/,What are the favorite spots in Tao and Phangan for sunset ...,no
13,Where are the best places to watch sunset in Koh Phangan?,10,20,8,darmansour.com,/journal-where-to-watch-sunset-koh-phangan.html,Where to Watch the Sunset in Koh Phangan — Best Spots 2026,yes
13,Where are the best places to watch sunset in Koh Phangan?,10,20,9,facebook.com,/groups/60315277804/posts/10160443777102805/,Best sunset spots on Koh Phangan for families,no
13,Where are the best places to watch sunset in Koh Phangan?,10,20,10,facebook.com,/groups/60315277804/posts/10160290196912805/,Where to eat with sunset view on Koh Phangan?,no
14,What time is sunset in Koh Phangan?,10,20,1,timeanddate.com,/sun/@10376444,Sunrise and sunset times in Koh Phangan,no
14,What time is sunset in Koh Phangan?,10,20,2,phanganist.com,/koh-phangan/beautiful-sunset-spots-our-island-koh-phangan1111,Beautiful Sunset Spots on Koh Phangan,no
14,What time is sunset in Koh Phangan?,10,20,3,timeanddate.com,/astronomy/@10376444,"Sun & moon times today, Koh Phangan, Changwat Surat ...",no
14,What time is sunset in Koh Phangan?,10,20,4,darmansour.com,/journal-where-to-watch-sunset-koh-phangan.html,Where to Watch the Sunset in Koh Phangan — Best Spots 2026,yes
14,What time is sunset in Koh Phangan?,10,20,5,meaganlyn.com,/2019/04/06/sunset-views-you-cant-miss-on-koh-phangan-bar-style/,7 Stunning Sunset Views You Can't Miss On Koh Phangan ...,no
14,What time is sunset in Koh Phangan?,10,20,6,steemit.com,/thai/@siamcat/re-winutcha-sunset-time-in-koh-phangan-20180211t180405676z,RE: Sunset Time in Koh Phangan,no
14,What time is sunset in Koh Phangan?,10,20,7,secretmountainphangan.com,/sunset,Sunset Restaurant Koh Phangan | Dinner With a View,no
14,What time is sunset in Koh Phangan?,10,20,8,sunrise.maplogs.com,/ko_pha_ngan_district_surat_thani_thailand.183069.html,"Sunrise Sunset Times of Ko Pha-ngan District, Surat Thani ...",no
14,What time is sunset in Koh Phangan?,10,20,9,theboldpassport.com,/best-sunset-spots-in-koh-phangan-dont-miss-these/,The Best Sunset Spots in Koh Phangan (And Two to Avoid),no
14,What time is sunset in Koh Phangan?,10,20,10,oxaphangan.com,/the-best-sunset-spots-in-koh-phangan/,The Best Sunset Spots in Koh Phangan,no
15,Where should I stay in Koh Phangan?,10,20,1,global-gallivanting.com,/where-to-stay-in-koh-phangan/,"Where to Stay in Koh Phangan, Thailand: Best Beaches & ...",no
15,Where should I stay in Koh Phangan?,10,20,2,tristanbalme.com,/where-to-stay-in-koh-phangan-thailand/,Where to Stay in Koh Phangan: Best Areas & Hotels (2026),no
15,Where should I stay in Koh Phangan?,10,20,3,travelfish.org,/accommodation/thailand/southern_thailand/surat_thani/ko_pha_ngan/all,Where to stay in Ko Pha Ngan,no
15,Where should I stay in Koh Phangan?,10,20,4,travelmermaid.com,/travel/best-places-to-stay-in-koh-phangan/,"Best Places To Stay In Koh Phangan, Thailand ...",no
15,Where should I stay in Koh Phangan?,10,20,5,travelersitch.com,/koh-phangan-travel-guide-for-non-party-travelers/,The complete Koh Phangan travel guide for non party travelers,no
15,Where should I stay in Koh Phangan?,10,20,6,reddit.com,/r/ThailandTourism/comments/1iny6zc/where_to_stay_in_koh_phangan/,Where to stay in Koh Phangan : r/ThailandTourism,no
15,Where should I stay in Koh Phangan?,10,20,7,22places.com,/koh-phangan-where-to-stay/,Where to Stay on Koh Phangan? The Best Areas & Hotel Picks,no
15,Where should I stay in Koh Phangan?,10,20,8,thefroggyadventures.com,/where-to-stay-in-koh-phangan/,Where to Stay in Koh Phangan: Guide to the Best Areas ...,no
15,Where should I stay in Koh Phangan?,10,20,9,reddit.com,/r/ThailandTourism/comments/toigso/where_to_stay_in_koh_phangan/,Where to stay in Koh Phangan?,no
15,Where should I stay in Koh Phangan?,10,20,10,facebook.com,/groups/60315277804/posts/10160631082317805/,Best part to stay on koh phangan,no
16,What is the best area to stay in Koh Phangan for a first-time visitor?,10,20,1,global-gallivanting.com,/where-to-stay-in-koh-phangan/,"Where to Stay in Koh Phangan, Thailand: Best Beaches & ...",no
16,What is the best area to stay in Koh Phangan for a first-time visitor?,10,20,2,facebook.com,/groups/60315277804/posts/10163367088142805/,What are the best areas to stay in Koh Phangan for first-timers with beach ...,no
16,What is the best area to stay in Koh Phangan for a first-time visitor?,10,20,3,facebook.com,/groups/60315277804/posts/10161818840172805/,Where is the best area to stay on Koh phangan for a couple of days with ...,no
16,What is the best area to stay in Koh Phangan for a first-time visitor?,10,20,4,reddit.com,/r/ThailandTourism/comments/1iny6zc/where_to_stay_in_koh_phangan/,Where to stay in Koh Phangan,no
16,What is the best area to stay in Koh Phangan for a first-time visitor?,10,20,5,tristanbalme.com,/where-to-stay-in-koh-phangan-thailand/,Where to Stay in Koh Phangan: Best Areas & Hotels (2026),no
16,What is the best area to stay in Koh Phangan for a first-time visitor?,10,20,6,22places.com,/koh-phangan-where-to-stay/,Where to Stay on Koh Phangan? The Best Areas & Hotel Picks,no
16,What is the best area to stay in Koh Phangan for a first-time visitor?,10,20,7,travelersitch.com,/koh-phangan-travel-guide-for-non-party-travelers/,The complete Koh Phangan travel guide for non party travelers,no
16,What is the best area to stay in Koh Phangan for a first-time visitor?,10,20,8,travelfish.org,/accommodation/thailand/southern_thailand/surat_thani/ko_pha_ngan/all,Where to stay in Ko Pha Ngan,no
16,What is the best area to stay in Koh Phangan for a first-time visitor?,10,20,9,northabroad.com,/complete-travel-guide-to-koh-phangan/,Koh Phangan Travel Guide: 25 Best Beaches & Things to Do,no
16,What is the best area to stay in Koh Phangan for a first-time visitor?,10,20,10,facebook.com,/groups/60315277804/posts/10160205996707805/,What's the best area on Koh Phangan for a quiet couple's ...,no
17,What are the best things to do in Koh Phangan?,9,20,1,adventuresofjellie.com,/thailand/koh-phangan-guide,The Complete Guide to Koh Phangan,no
17,What are the best things to do in Koh Phangan?,9,20,2,global-gallivanting.com,/things-to-do-in-koh-phangan/,My Favourite Things To Do In Koh Phangan (Beyond the ...,no
17,What are the best things to do in Koh Phangan?,9,20,3,timetravelturtle.com,/thailand/things-to-do-on-koh-phangan/,Things to do on Koh Phangan in 2026 - from beach to jungle!,no
17,What are the best things to do in Koh Phangan?,9,20,4,northabroad.com,/complete-travel-guide-to-koh-phangan/,Koh Phangan Travel Guide: 25 Best Beaches & Things to Do,no
17,What are the best things to do in Koh Phangan?,9,20,5,tripadvisor.com,/Attractions-g303907-Activities-Ko_Pha_Ngan_Surat_Thani_Province.html,THE 15 BEST Things to Do in Ko Pha-Ngan (2026),no
17,What are the best things to do in Koh Phangan?,9,20,6,reddit.com,/r/ThailandTourism/comments/1cwbsnv/koh_phangan_things_to_do/,Koh Phangan Things To Do : r/ThailandTourism,no
17,What are the best things to do in Koh Phangan?,9,20,7,roads-and-rivers.com,/en/koh-phangan-things-to-do/,Koh Phangan Thailand | The 12 BEST Things To Do,no
17,What are the best things to do in Koh Phangan?,9,20,8,homeiswhereyourbagis.com,/en/koh-phangan-things-to-do/,Koh Phangan: 20 Things to Do,no
17,What are the best things to do in Koh Phangan?,9,20,9,travelersitch.com,/koh-phangan-travel-guide-for-non-party-travelers/,The complete Koh Phangan travel guide for non party travelers,no
18,What is a tajine?,7,20,1,en.wikipedia.org,/wiki/Tagine,Tagine,no
18,What is a tajine?,7,20,2,mymoroccanfood.com,/home/introduction-to-the-tagine-pot,Introduction to the Tagine Pot,no
18,What is a tajine?,7,20,3,lecreuset.ca,/en_CA/glossary/Tagine.html,What is a Tagine? - Definition of a Tagine,no
18,What is a tajine?,7,20,4,legalnomads.com,/tagine-morocco/,It's always time for tagine in Morocco - Legal Nomads,no
18,What is a tajine?,7,20,5,seriouseats.com,/best-tagines-8363718,We Spent 12 Days Testing Six Tagines to Find the Best Ones,no
18,What is a tajine?,7,20,6,chatelaine.com,/food/tagine-recipes-faq/,Everything You Need To Know About Tagine - Chatelaine,no
18,What is a tajine?,7,20,7,marthastewart.com,/what-is-a-tagine-11900347,What Is a Tagine? How the Moroccan Cooking Method Works,no
19,What does tajine mean in English?,9,20,1,en.wikipedia.org,/wiki/Tagine,Tagine,no
19,What does tajine mean in English?,9,20,2,mymoroccanfood.com,/home/introduction-to-the-tagine-pot,Introduction to the Tagine Pot,no
19,What does tajine mean in English?,9,20,3,mentta.com,/blog/en/what-is-tajine-the-new-trendy-food,What is tajine? The new trendy food | The art of eating well,no
19,What does tajine mean in English?,9,20,4,dictionary.cambridge.org,/dictionary/english/tajine,TAJINE | English meaning - Cambridge Dictionary,no
19,What does tajine mean in English?,9,20,5,facebook.com,/GoCollette/videos/tagine-is-a-dish-named-after-the-pot-in-which-it-is-cooked-is-a-moroccan-staple-/410246178787218/,"Tagine is a dish named after the pot in which it is cooked, is a ...",no
19,What does tajine mean in English?,9,20,6,lecreuset.ca,/en_CA/glossary/Tagine.html,What is a Tagine? - Definition of a Tagine,no
19,What does tajine mean in English?,9,20,7,legalnomads.com,/tagine-morocco/,It's always time for tagine in Morocco - Legal Nomads,no
19,What does tajine mean in English?,9,20,8,epicureandculture.com,/tajine/,The Tajine: Morocco's Pride & Passion,no
19,What does tajine mean in English?,9,20,9,quora.com,/What-is-the-meaning-of-the-word-tagine,What is the meaning of the word “tagine”?,no
20,What is the difference between tajine and tagine?,8,20,1,en.wikipedia.org,/wiki/Tagine,Tagine,no
20,What is the difference between tajine and tagine?,8,20,2,mymoroccanfood.com,/home/introduction-to-the-tagine-pot,Introduction to the Tagine Pot,no
20,What is the difference between tajine and tagine?,8,20,3,reddit.com,/r/Cooking/comments/kxxp73/tajine_or_tagine_either_way_what_do_i_do_with_it/,"Tajine or Tagine? Either way, what do I do with it? : r/Cooking",no
20,What is the difference between tajine and tagine?,8,20,4,ksarighnda.com,/en/the-difference-between-two-typical-moroccan-dishes-couscous-and-tajine/,The difference between two typical Moroccan dishes,no
20,What is the difference between tajine and tagine?,8,20,5,chatelaine.com,/food/tagine-recipes-faq/,Everything You Need To Know About Tagine - Chatelaine,no
20,What is the difference between tajine and tagine?,8,20,6,eater.com,/21516507/best-tagine-buying-guide-clay-cast-iron,Tagine Buying Guide: How to Choose the Right One,no
20,What is the difference between tajine and tagine?,8,20,7,simplysophisticatedcooking.wordpress.com,/2016/07/26/beef-tagine-and-the-differences-between-tagine-and-couscous/,Beef Tagine and the Differences Between Tagine and Couscous,no
20,What is the difference between tajine and tagine?,8,20,8,seriouseats.com,/best-tagines-8363718,We Spent 12 Days Testing Six Tagines to Find the Best Ones,no
